<metadata xml:lang="en"><Esri><CreaDate>20190718</CreaDate><CreaTime>14123900</CreaTime><ArcGISFormat>1.0</ArcGISFormat><ArcGISstyle>FGDC CSDGM Metadata</ArcGISstyle><SyncOnce>FALSE</SyncOnce><DataProperties><lineage><Process ToolSource="c:\program files (x86)\arcgis\desktop10.6\ArcToolbox\Toolboxes\Data Management Tools.tbx\CalculateField" Date="20190718" Time="141239">CalculateField EvacRoutes_arc EvacRoute "YES" VB #</Process><Process ToolSource="c:\program files (x86)\arcgis\desktop10.6\ArcToolbox\Toolboxes\Data Management Tools.tbx\CalculateField" Date="20190718" Time="142453">CalculateField EvacRoutes_arc EvacRoute "YES" VB #</Process><Process ToolSource="c:\program files (x86)\arcgis\desktop10.6\ArcToolbox\Toolboxes\Data Management Tools.tbx\CalculateField" Date="20190718" Time="142801">CalculateField EvacRoutes_arc join_ Replace( [Name] &amp; [Alias1]," ","" ) VB #</Process><Process ToolSource="c:\program files (x86)\arcgis\desktop10.6\ArcToolbox\Toolboxes\Data Management Tools.tbx\CalculateField" Date="20190718" Time="142953">CalculateField EvacRoutes_arc join_ Replace( [Name] &amp; [FromStreet] &amp; [ToStreet], " ","" ) VB #</Process><Process ToolSource="c:\program files (x86)\arcgis\desktop10.6\ArcToolbox\Toolboxes\Data Management Tools.tbx\CalculateField" Date="20190718" Time="144730">CalculateField EvacRoutes_arc Join_ID autoIncrement() PYTHON_9.3 "rec=0  \ndef autoIncrement():  \n global rec  \n pStart = 1 #adjust start value, if req'd   \n pInterval = 1 #adjust interval value, if req'd  \n if (rec == 0):   \n  rec = pStart   \n else:   \n  rec = rec + pInterval   \n return rec  "</Process><Process ToolSource="c:\program files (x86)\arcgis\desktop10.6\ArcToolbox\Toolboxes\Data Management Tools.tbx\CalculateField" Date="20190718" Time="155529">CalculateField EvacRoutes_arc Lanes 4 VB #</Process><Process ToolSource="c:\program files (x86)\arcgis\desktop10.6\ArcToolbox\Toolboxes\Data Management Tools.tbx\CalculateField" Date="20190718" Time="155719">CalculateField EvacRoutes_arc Lanes 2 VB #</Process><Process ToolSource="c:\program files (x86)\arcgis\desktop10.6\ArcToolbox\Toolboxes\Data Management Tools.tbx\CalculateField" Date="20190718" Time="155922">CalculateField EvacRoutes_arc Lanes 2 VB #</Process><Process ToolSource="c:\program files (x86)\arcgis\desktop10.6\ArcToolbox\Toolboxes\Data Management Tools.tbx\CalculateField" Date="20190719" Time="104516">CalculateField EvacRoutes_arc Lanes 4 VB #</Process><Process ToolSource="c:\program files (x86)\arcgis\desktop10.6\ArcToolbox\Toolboxes\Data Management Tools.tbx\CalculateField" Date="20190719" Time="104653">CalculateField EvacRoutes_arc Lanes 4 VB #</Process><Process ToolSource="c:\program files (x86)\arcgis\desktop10.6\ArcToolbox\Toolboxes\Data Management Tools.tbx\CalculateField" Date="20190719" Time="104709">CalculateField EvacRoutes_arc Lanes 4 VB #</Process><Process ToolSource="c:\program files (x86)\arcgis\desktop10.6\ArcToolbox\Toolboxes\Data Management Tools.tbx\CalculateField" Date="20190719" Time="104722">CalculateField EvacRoutes_arc Lanes 4 VB #</Process><Process ToolSource="c:\program files (x86)\arcgis\desktop10.6\ArcToolbox\Toolboxes\Data Management Tools.tbx\CalculateField" Date="20190719" Time="104729">CalculateField EvacRoutes_arc Lanes 4 VB #</Process><Process ToolSource="c:\program files (x86)\arcgis\desktop10.6\ArcToolbox\Toolboxes\Data Management Tools.tbx\CalculateField" Date="20190719" Time="104836">CalculateField EvacRoutes_arc Lanes 4 VB #</Process><Process ToolSource="c:\program files (x86)\arcgis\desktop10.6\ArcToolbox\Toolboxes\Data Management Tools.tbx\CalculateField" Date="20190719" Time="104912">CalculateField EvacRoutes_arc Lanes 2 VB #</Process><Process ToolSource="c:\program files (x86)\arcgis\desktop10.6\ArcToolbox\Toolboxes\Data Management Tools.tbx\CalculateField" Date="20190719" Time="104944">CalculateField EvacRoutes_arc Lanes 4 VB #</Process><Process ToolSource="c:\program files (x86)\arcgis\desktop10.6\ArcToolbox\Toolboxes\Data Management Tools.tbx\CalculateField" Date="20190719" Time="110229">CalculateField EvacRoutes_arc Lanes 3 VB #</Process><Process ToolSource="c:\program files (x86)\arcgis\desktop10.6\ArcToolbox\Toolboxes\Data Management Tools.tbx\CalculateField" Date="20190719" Time="110350">CalculateField EvacRoutes_arc Lanes 1 VB #</Process><Process ToolSource="c:\program files (x86)\arcgis\desktop10.6\ArcToolbox\Toolboxes\Data Management Tools.tbx\CalculateField" Date="20190719" Time="110431">CalculateField EvacRoutes_arc Lanes 1 VB #</Process><Process ToolSource="c:\program files (x86)\arcgis\desktop10.6\ArcToolbox\Toolboxes\Data Management Tools.tbx\CalculateField" Date="20190719" Time="110458">CalculateField EvacRoutes_arc Lanes 4 VB #</Process><Process ToolSource="c:\program files (x86)\arcgis\desktop10.6\ArcToolbox\Toolboxes\Data Management Tools.tbx\CalculateField" Date="20190719" Time="110523">CalculateField EvacRoutes_arc Lanes 1 VB #</Process><Process ToolSource="c:\program files (x86)\arcgis\desktop10.6\ArcToolbox\Toolboxes\Data Management Tools.tbx\CalculateField" Date="20190719" Time="110623">CalculateField EvacRoutes_arc Lanes 3 VB #</Process><Process ToolSource="c:\program files (x86)\arcgis\desktop10.6\ArcToolbox\Toolboxes\Data Management Tools.tbx\CalculateField" Date="20190719" Time="110641">CalculateField EvacRoutes_arc Lanes 3 VB #</Process><Process ToolSource="c:\program files (x86)\arcgis\desktop10.6\ArcToolbox\Toolboxes\Data Management Tools.tbx\CalculateField" Date="20190719" Time="110745">CalculateField EvacRoutes_arc Lanes 1 VB #</Process><Process ToolSource="c:\program files (x86)\arcgis\desktop10.6\ArcToolbox\Toolboxes\Data Management Tools.tbx\CalculateField" Date="20190719" Time="110830">CalculateField EvacRoutes_arc Lanes 4 VB #</Process><Process ToolSource="c:\program files (x86)\arcgis\desktop10.6\ArcToolbox\Toolboxes\Data Management Tools.tbx\CalculateField" Date="20190719" Time="111239">CalculateField EvacRoutes_arc Lanes 3 VB #</Process><Process ToolSource="c:\program files (x86)\arcgis\desktop10.6\ArcToolbox\Toolboxes\Data Management Tools.tbx\CalculateField" Date="20190719" Time="111310">CalculateField EvacRoutes_arc Lanes 3 VB #</Process><Process ToolSource="c:\program files (x86)\arcgis\desktop10.6\ArcToolbox\Toolboxes\Data Management Tools.tbx\CalculateField" Date="20190719" Time="111341">CalculateField EvacRoutes_arc Lanes 1 VB #</Process><Process ToolSource="c:\program files (x86)\arcgis\desktop10.6\ArcToolbox\Toolboxes\Data Management Tools.tbx\CalculateField" Date="20190719" Time="111501">CalculateField EvacRoutes_arc Lanes 4 VB #</Process><Process ToolSource="c:\program files (x86)\arcgis\desktop10.6\ArcToolbox\Toolboxes\Data Management Tools.tbx\CalculateField" Date="20190719" Time="112903">CalculateField EvacRoutes_arc Lanes 2 VB #</Process><Process ToolSource="c:\program files (x86)\arcgis\desktop10.6\ArcToolbox\Toolboxes\Data Management Tools.tbx\CalculateField" Date="20190719" Time="112930">CalculateField EvacRoutes_arc Lanes 4 VB #</Process><Process ToolSource="c:\program files (x86)\arcgis\desktop10.6\ArcToolbox\Toolboxes\Data Management Tools.tbx\CalculateField" Date="20190719" Time="113812">CalculateField EvacRoutes_arc Lanes 4 VB #</Process><Process ToolSource="c:\program files (x86)\arcgis\desktop10.6\ArcToolbox\Toolboxes\Data Management Tools.tbx\CalculateField" Date="20190719" Time="114135">CalculateField EvacRoutes_arc Lanes 2 VB #</Process><Process ToolSource="c:\program files (x86)\arcgis\desktop10.6\ArcToolbox\Toolboxes\Data Management Tools.tbx\CalculateField" Date="20190719" Time="114524">CalculateField EvacRoutes_arc Lanes 2 VB #</Process><Process ToolSource="c:\program files (x86)\arcgis\desktop10.6\ArcToolbox\Toolboxes\Data Management Tools.tbx\CalculateField" Date="20190719" Time="114718">CalculateField EvacRoutes_arc Lanes 4 VB #</Process><Process ToolSource="c:\program files (x86)\arcgis\desktop10.6\ArcToolbox\Toolboxes\Data Management Tools.tbx\CalculateField" Date="20190719" Time="114749">CalculateField EvacRoutes_arc Lanes 4 VB #</Process><Process ToolSource="c:\program files (x86)\arcgis\desktop10.6\ArcToolbox\Toolboxes\Data Management Tools.tbx\CalculateField" Date="20190719" Time="114842">CalculateField EvacRoutes_arc Lanes 1
 VB #</Process><Process ToolSource="c:\program files (x86)\arcgis\desktop10.6\ArcToolbox\Toolboxes\Data Management Tools.tbx\CalculateField" Date="20190719" Time="115202">CalculateField EvacRoutes_arc Lanes 6
 VB #</Process><Process ToolSource="c:\program files (x86)\arcgis\desktop10.6\ArcToolbox\Toolboxes\Data Management Tools.tbx\CalculateField" Date="20190719" Time="115605">CalculateField EvacRoutes_arc Lanes 2
 VB #</Process><Process ToolSource="c:\program files (x86)\arcgis\desktop10.6\ArcToolbox\Toolboxes\Data Management Tools.tbx\CalculateField" Date="20190719" Time="115651">CalculateField EvacRoutes_arc Lanes 1 VB #</Process><Process ToolSource="c:\program files (x86)\arcgis\desktop10.6\ArcToolbox\Toolboxes\Data Management Tools.tbx\CalculateField" Date="20190719" Time="121230">CalculateField EvacRoutes_arc Lanes 4 VB #</Process><Process ToolSource="c:\program files (x86)\arcgis\desktop10.6\ArcToolbox\Toolboxes\Data Management Tools.tbx\CalculateField" Date="20190719" Time="121327">CalculateField EvacRoutes_arc Lanes 4 VB #</Process><Process ToolSource="c:\program files (x86)\arcgis\desktop10.6\ArcToolbox\Toolboxes\Data Management Tools.tbx\CalculateField" Date="20190719" Time="121433">CalculateField EvacRoutes_arc Lanes 1 VB #</Process><Process ToolSource="c:\program files (x86)\arcgis\desktop10.6\ArcToolbox\Toolboxes\Data Management Tools.tbx\CalculateField" Date="20190719" Time="121536">CalculateField EvacRoutes_arc Lanes 4 VB #</Process><Process ToolSource="c:\program files (x86)\arcgis\desktop10.6\ArcToolbox\Toolboxes\Data Management Tools.tbx\CalculateField" Date="20190719" Time="121656">CalculateField EvacRoutes_arc Lanes 4 VB #</Process><Process ToolSource="c:\program files (x86)\arcgis\desktop10.6\ArcToolbox\Toolboxes\Data Management Tools.tbx\CalculateField" Date="20190719" Time="121953">CalculateField EvacRoutes_arc Lanes 4 VB #</Process><Process ToolSource="c:\program files (x86)\arcgis\desktop10.6\ArcToolbox\Toolboxes\Data Management Tools.tbx\CalculateField" Date="20190719" Time="122339">CalculateField EvacRoutes_arc Lanes 4 VB #</Process><Process ToolSource="c:\program files (x86)\arcgis\desktop10.6\ArcToolbox\Toolboxes\Data Management Tools.tbx\CalculateField" Date="20190719" Time="122345">CalculateField EvacRoutes_arc Lanes 2 VB #</Process><Process ToolSource="c:\program files (x86)\arcgis\desktop10.6\ArcToolbox\Toolboxes\Data Management Tools.tbx\CalculateField" Date="20190719" Time="122632">CalculateField EvacRoutes_arc Lanes 2 VB #</Process><Process ToolSource="c:\program files (x86)\arcgis\desktop10.6\ArcToolbox\Toolboxes\Data Management Tools.tbx\CalculateField" Date="20190719" Time="122830">CalculateField EvacRoutes_arc Lanes 2 VB #</Process><Process ToolSource="c:\program files (x86)\arcgis\desktop10.6\ArcToolbox\Toolboxes\Data Management Tools.tbx\CalculateField" Date="20190719" Time="122909">CalculateField EvacRoutes_arc Lanes 4 VB #</Process><Process ToolSource="c:\program files (x86)\arcgis\desktop10.6\ArcToolbox\Toolboxes\Data Management Tools.tbx\CalculateField" Date="20190719" Time="123042">CalculateField EvacRoutes_arc Lanes 4 VB #</Process><Process ToolSource="c:\program files (x86)\arcgis\desktop10.6\ArcToolbox\Toolboxes\Data Management Tools.tbx\CalculateField" Date="20190719" Time="123240">CalculateField EvacRoutes_arc Lanes 2 VB #</Process><Process ToolSource="c:\program files (x86)\arcgis\desktop10.6\ArcToolbox\Toolboxes\Data Management Tools.tbx\CalculateField" Date="20190719" Time="124046">CalculateField EvacRoutes_arc Lanes 1 VB #</Process><Process ToolSource="c:\program files (x86)\arcgis\desktop10.6\ArcToolbox\Toolboxes\Data Management Tools.tbx\CalculateField" Date="20190722" Time="080717">CalculateField EvacRoutes_arc Lanes 4 VB #</Process><Process ToolSource="c:\program files (x86)\arcgis\desktop10.6\ArcToolbox\Toolboxes\Data Management Tools.tbx\CalculateField" Date="20190722" Time="080809">CalculateField EvacRoutes_arc Lanes 4 VB #</Process><Process ToolSource="c:\program files (x86)\arcgis\desktop10.6\ArcToolbox\Toolboxes\Data Management Tools.tbx\CalculateField" Date="20190722" Time="080828">CalculateField EvacRoutes_arc Lanes 1 VB #</Process><Process ToolSource="c:\program files (x86)\arcgis\desktop10.6\ArcToolbox\Toolboxes\Data Management Tools.tbx\CalculateField" Date="20190722" Time="080940">CalculateField EvacRoutes_arc Lanes 4 VB #</Process><Process ToolSource="c:\program files (x86)\arcgis\desktop10.6\ArcToolbox\Toolboxes\Data Management Tools.tbx\CalculateField" Date="20190722" Time="081341">CalculateField EvacRoutes_arc Lanes 4 VB #</Process><Process ToolSource="c:\program files (x86)\arcgis\desktop10.6\ArcToolbox\Toolboxes\Data Management Tools.tbx\CalculateField" Date="20190722" Time="081417">CalculateField EvacRoutes_arc Lanes 2 VB #</Process><Process ToolSource="c:\program files (x86)\arcgis\desktop10.6\ArcToolbox\Toolboxes\Data Management Tools.tbx\CalculateField" Date="20190722" Time="081717">CalculateField EvacRoutes_arc Lanes 2 VB #</Process><Process ToolSource="c:\program files (x86)\arcgis\desktop10.6\ArcToolbox\Toolboxes\Data Management Tools.tbx\CalculateField" Date="20190722" Time="084312">CalculateField EvacRoutes_arc Lanes 2 VB #</Process><Process ToolSource="c:\program files (x86)\arcgis\desktop10.6\ArcToolbox\Toolboxes\Data Management Tools.tbx\CalculateField" Date="20190722" Time="084623">CalculateField EvacRoutes_arc Lanes 2 VB #</Process><Process ToolSource="c:\program files (x86)\arcgis\desktop10.6\ArcToolbox\Toolboxes\Data Management Tools.tbx\CalculateField" Date="20190722" Time="084808">CalculateField EvacRoutes_arc Lanes 2 VB #</Process><Process ToolSource="c:\program files (x86)\arcgis\desktop10.6\ArcToolbox\Toolboxes\Data Management Tools.tbx\CalculateField" Date="20190722" Time="084938">CalculateField EvacRoutes_arc Lanes 2 VB #</Process><Process ToolSource="c:\program files (x86)\arcgis\desktop10.6\ArcToolbox\Toolboxes\Data Management Tools.tbx\CalculateField" Date="20190722" Time="105402">CalculateField EvacRoutes_arc Lanes 4 VB #</Process><Process ToolSource="c:\program files (x86)\arcgis\desktop10.6\ArcToolbox\Toolboxes\Data Management Tools.tbx\CalculateField" Date="20190722" Time="105456">CalculateField EvacRoutes_arc Lanes 4 VB #</Process><Process ToolSource="c:\program files (x86)\arcgis\desktop10.6\ArcToolbox\Toolboxes\Data Management Tools.tbx\CalculateField" Date="20190722" Time="105551">CalculateField EvacRoutes_arc Lanes 4 VB #</Process><Process ToolSource="c:\program files (x86)\arcgis\desktop10.6\ArcToolbox\Toolboxes\Data Management Tools.tbx\CalculateField" Date="20190722" Time="105612">CalculateField EvacRoutes_arc Lanes 4 VB #</Process><Process ToolSource="c:\program files (x86)\arcgis\desktop10.6\ArcToolbox\Toolboxes\Data Management Tools.tbx\CalculateField" Date="20190722" Time="110335">CalculateField EvacRoutes_arc Lanes 2 VB #</Process><Process ToolSource="c:\program files (x86)\arcgis\desktop10.6\ArcToolbox\Toolboxes\Data Management Tools.tbx\CalculateField" Date="20190722" Time="110435">CalculateField EvacRoutes_arc Lanes 2 VB #</Process><Process ToolSource="c:\program files (x86)\arcgis\desktop10.6\ArcToolbox\Toolboxes\Data Management Tools.tbx\CalculateField" Date="20190722" Time="110516">CalculateField EvacRoutes_arc Lanes 2 VB #</Process><Process ToolSource="c:\program files (x86)\arcgis\desktop10.6\ArcToolbox\Toolboxes\Data Management Tools.tbx\CalculateField" Date="20190722" Time="110530">CalculateField EvacRoutes_arc Lanes 4 VB #</Process><Process ToolSource="c:\program files (x86)\arcgis\desktop10.6\ArcToolbox\Toolboxes\Data Management Tools.tbx\CalculateField" Date="20190722" Time="110723">CalculateField EvacRoutes_arc Lanes 2 VB #</Process><Process ToolSource="c:\program files (x86)\arcgis\desktop10.6\ArcToolbox\Toolboxes\Data Management Tools.tbx\CalculateField" Date="20190722" Time="110807">CalculateField EvacRoutes_arc Lanes 2 VB #</Process><Process ToolSource="c:\program files (x86)\arcgis\desktop10.6\ArcToolbox\Toolboxes\Data Management Tools.tbx\CalculateField" Date="20190722" Time="110841">CalculateField EvacRoutes_arc Lanes 4 VB #</Process><Process ToolSource="c:\program files (x86)\arcgis\desktop10.6\ArcToolbox\Toolboxes\Data Management Tools.tbx\CalculateField" Date="20190722" Time="111018">CalculateField EvacRoutes_arc Lanes 2 VB #</Process><Process ToolSource="c:\program files (x86)\arcgis\desktop10.6\ArcToolbox\Toolboxes\Data Management Tools.tbx\CalculateField" Date="20190722" Time="111030">CalculateField EvacRoutes_arc Lanes 4 VB #</Process><Process ToolSource="c:\program files (x86)\arcgis\desktop10.6\ArcToolbox\Toolboxes\Data Management Tools.tbx\CalculateField" Date="20190722" Time="111125">CalculateField EvacRoutes_arc Lanes 8 VB #</Process><Process ToolSource="c:\program files (x86)\arcgis\desktop10.6\ArcToolbox\Toolboxes\Data Management Tools.tbx\CalculateField" Date="20190722" Time="111526">CalculateField EvacRoutes_arc Lanes 2 VB #</Process><Process ToolSource="c:\program files (x86)\arcgis\desktop10.6\ArcToolbox\Toolboxes\Data Management Tools.tbx\CalculateField" Date="20190722" Time="111640">CalculateField EvacRoutes_arc Lanes 2 VB #</Process><Process ToolSource="c:\program files (x86)\arcgis\desktop10.6\ArcToolbox\Toolboxes\Data Management Tools.tbx\CalculateField" Date="20190722" Time="111814">CalculateField EvacRoutes_arc Lanes 2 VB #</Process><Process ToolSource="c:\program files (x86)\arcgis\desktop10.6\ArcToolbox\Toolboxes\Data Management Tools.tbx\CalculateField" Date="20190722" Time="112525">CalculateField EvacRoutes_arc Lanes 4 VB #</Process><Process ToolSource="c:\program files (x86)\arcgis\desktop10.6\ArcToolbox\Toolboxes\Data Management Tools.tbx\CalculateField" Date="20190722" Time="112717">CalculateField EvacRoutes_arc Lanes 4 VB #</Process><Process ToolSource="c:\program files (x86)\arcgis\desktop10.6\ArcToolbox\Toolboxes\Data Management Tools.tbx\CalculateField" Date="20190722" Time="112814">CalculateField EvacRoutes_arc Lanes 2 VB #</Process><Process ToolSource="c:\program files (x86)\arcgis\desktop10.6\ArcToolbox\Toolboxes\Data Management Tools.tbx\CalculateField" Date="20190722" Time="113011">CalculateField EvacRoutes_arc Lanes 4 VB #</Process><Process ToolSource="c:\program files (x86)\arcgis\desktop10.6\ArcToolbox\Toolboxes\Data Management Tools.tbx\CalculateField" Date="20190722" Time="113033">CalculateField EvacRoutes_arc Lanes 4 VB #</Process><Process ToolSource="c:\program files (x86)\arcgis\desktop10.6\ArcToolbox\Toolboxes\Data Management Tools.tbx\CalculateField" Date="20190722" Time="113300">CalculateField EvacRoutes_arc Lanes 2 VB #</Process><Process ToolSource="c:\program files (x86)\arcgis\desktop10.6\ArcToolbox\Toolboxes\Data Management Tools.tbx\CalculateField" Date="20190722" Time="113324">CalculateField EvacRoutes_arc Lanes 4 VB #</Process><Process ToolSource="c:\program files (x86)\arcgis\desktop10.6\ArcToolbox\Toolboxes\Data Management Tools.tbx\CalculateField" Date="20190722" Time="114229">CalculateField EvacRoutes_arc Lanes 2 VB #</Process><Process ToolSource="c:\program files (x86)\arcgis\desktop10.6\ArcToolbox\Toolboxes\Data Management Tools.tbx\CalculateField" Date="20190722" Time="114320">CalculateField EvacRoutes_arc Lanes 4 VB #</Process><Process ToolSource="c:\program files (x86)\arcgis\desktop10.6\ArcToolbox\Toolboxes\Data Management Tools.tbx\CalculateField" Date="20190722" Time="114347">CalculateField EvacRoutes_arc Lanes 4 VB #</Process><Process ToolSource="c:\program files (x86)\arcgis\desktop10.6\ArcToolbox\Toolboxes\Data Management Tools.tbx\CalculateField" Date="20190722" Time="114610">CalculateField EvacRoutes_arc Lanes 2 VB #</Process><Process ToolSource="c:\program files (x86)\arcgis\desktop10.6\ArcToolbox\Toolboxes\Data Management Tools.tbx\CalculateField" Date="20190722" Time="114718">CalculateField EvacRoutes_arc Lanes 2 VB #</Process><Process ToolSource="c:\program files (x86)\arcgis\desktop10.6\ArcToolbox\Toolboxes\Data Management Tools.tbx\CalculateField" Date="20190722" Time="114832">CalculateField EvacRoutes_arc Lanes 2 VB #</Process><Process ToolSource="c:\program files (x86)\arcgis\desktop10.6\ArcToolbox\Toolboxes\Data Management Tools.tbx\CalculateField" Date="20190722" Time="115106">CalculateField EvacRoutes_arc Lanes 2 VB #</Process><Process ToolSource="c:\program files (x86)\arcgis\desktop10.6\ArcToolbox\Toolboxes\Data Management Tools.tbx\CalculateField" Date="20190722" Time="115142">CalculateField EvacRoutes_arc Lanes 4 VB #</Process><Process ToolSource="c:\program files (x86)\arcgis\desktop10.6\ArcToolbox\Toolboxes\Data Management Tools.tbx\CalculateField" Date="20190722" Time="115251">CalculateField EvacRoutes_arc Lanes 2 VB #</Process><Process ToolSource="c:\program files (x86)\arcgis\desktop10.6\ArcToolbox\Toolboxes\Data Management Tools.tbx\CalculateField" Date="20190722" Time="120235">CalculateField EvacRoutes_arc Lanes 2 VB #</Process><Process ToolSource="c:\program files (x86)\arcgis\desktop10.6\ArcToolbox\Toolboxes\Data Management Tools.tbx\CalculateField" Date="20190722" Time="120351">CalculateField EvacRoutes_arc Lanes 2 VB #</Process><Process ToolSource="c:\program files (x86)\arcgis\desktop10.6\ArcToolbox\Toolboxes\Data Management Tools.tbx\CalculateField" Date="20190722" Time="120539">CalculateField EvacRoutes_arc Lanes 4 VB #</Process><Process ToolSource="c:\program files (x86)\arcgis\desktop10.6\ArcToolbox\Toolboxes\Data Management Tools.tbx\CalculateField" Date="20190722" Time="120732">CalculateField EvacRoutes_arc Lanes 4 VB #</Process><Process ToolSource="c:\program files (x86)\arcgis\desktop10.6\ArcToolbox\Toolboxes\Data Management Tools.tbx\CalculateField" Date="20190722" Time="120758">CalculateField EvacRoutes_arc Lanes 4 VB #</Process><Process ToolSource="c:\program files (x86)\arcgis\desktop10.6\ArcToolbox\Toolboxes\Data Management Tools.tbx\CalculateField" Date="20190722" Time="121120">CalculateField EvacRoutes_arc Lanes 4 VB #</Process><Process ToolSource="c:\program files (x86)\arcgis\desktop10.6\ArcToolbox\Toolboxes\Data Management Tools.tbx\CalculateField" Date="20190722" Time="121203">CalculateField EvacRoutes_arc Lanes 1 VB #</Process><Process ToolSource="c:\program files (x86)\arcgis\desktop10.6\ArcToolbox\Toolboxes\Data Management Tools.tbx\CalculateField" Date="20190722" Time="123826">CalculateField EvacRoutes_arc JOIN_ autoIncrement() PYTHON_9.3 "rec=0  \ndef autoIncrement():  \n global rec  \n pStart = 1 #adjust start value, if req'd   \n pInterval = 1 #adjust interval value, if req'd  \n if (rec == 0):   \n  rec = pStart   \n else:   \n  rec = rec + pInterval   \n return rec"</Process><Process ToolSource="c:\program files (x86)\arcgis\desktop10.6\ArcToolbox\Toolboxes\Data Management Tools.tbx\CalculateField" Date="20190722" Time="124555">CalculateField EvacRoutes_arc Maintenanc "COUNTY MAINTENANCE" VB #</Process><Process ToolSource="c:\program files (x86)\arcgis\desktop10.6\ArcToolbox\Toolboxes\Data Management Tools.tbx\CalculateField" Date="20190723" Time="105653">CalculateField EvacRoutes_arc join_ replace( [Name] &amp; [FromStreet] &amp; [ToStreet], " ","") VB #</Process><Process ToolSource="c:\program files (x86)\arcgis\desktop10.6\ArcToolbox\Toolboxes\Data Management Tools.tbx\CalculateField" Date="20190723" Time="123151">CalculateField EvacRoutes_arc TEMP [Status] VB #</Process><Process ToolSource="c:\program files (x86)\arcgis\desktop10.6\ArcToolbox\Toolboxes\Data Management Tools.tbx\CalculateField" Date="20190723" Time="123216">CalculateField EvacRoutes_arc TEMP "VC_FDEM" VB #</Process><Process ToolSource="c:\program files (x86)\arcgis\desktop10.6\ArcToolbox\Toolboxes\Data Management Tools.tbx\CalculateField" Date="20190723" Time="123350">CalculateField EvacRoutes_arc Status [TEMP] VB #</Process><Process ToolSource="c:\program files (x86)\arcgis\desktop10.6\ArcToolbox\Toolboxes\Data Management Tools.tbx\CalculateField" Date="20190723" Time="123402">CalculateField EvacRoutes_arc Status [TEMP] VB #</Process><Process ToolSource="c:\program files (x86)\arcgis\desktop10.6\ArcToolbox\Toolboxes\Conversion Tools.tbx\FeatureClassToFeatureClass" Date="20190724" Time="175535">FeatureClassToFeatureClass \\vgisfile\gis\PRicker\Projects\Annual_Layer_Updates\Volusia.mdb\PublicSafety\EvacRoutes_arc "Database Connections\arcadm_dc @ volusia.vgisdb1.sde\volusia.DBO.PublicSafety" EvacRoutes_arc # "Name "Name" true true false 30 Text 0 0 ,First,#,\\vgisfile\gis\PRicker\Projects\Annual_Layer_Updates\Volusia.mdb\PublicSafety\EvacRoutes_arc,Name,-1,-1;Alias1 "Alias1" true true false 30 Text 0 0 ,First,#,\\vgisfile\gis\PRicker\Projects\Annual_Layer_Updates\Volusia.mdb\PublicSafety\EvacRoutes_arc,Alias1,-1,-1;FromStreet "FromStreet" true true false 30 Text 0 0 ,First,#,\\vgisfile\gis\PRicker\Projects\Annual_Layer_Updates\Volusia.mdb\PublicSafety\EvacRoutes_arc,FromStreet,-1,-1;ToStreet "ToStreet" true true false 30 Text 0 0 ,First,#,\\vgisfile\gis\PRicker\Projects\Annual_Layer_Updates\Volusia.mdb\PublicSafety\EvacRoutes_arc,ToStreet,-1,-1;Maintenanc "Maintenanc" true true false 35 Text 0 0 ,First,#,\\vgisfile\gis\PRicker\Projects\Annual_Layer_Updates\Volusia.mdb\PublicSafety\EvacRoutes_arc,Maintenanc,-1,-1;Classifica "Classifica" true true false 30 Text 0 0 ,First,#,\\vgisfile\gis\PRicker\Projects\Annual_Layer_Updates\Volusia.mdb\PublicSafety\EvacRoutes_arc,Classifica,-1,-1;EvacRoute "EvacRoute" true true false 3 Text 0 0 ,First,#,\\vgisfile\gis\PRicker\Projects\Annual_Layer_Updates\Volusia.mdb\PublicSafety\EvacRoutes_arc,EvacRoute,-1,-1;Lanes "Lanes" true true false 2 Short 0 0 ,First,#,\\vgisfile\gis\PRicker\Projects\Annual_Layer_Updates\Volusia.mdb\PublicSafety\EvacRoutes_arc,Lanes,-1,-1;LZip "LZip" true true false 4 Long 0 0 ,First,#,\\vgisfile\gis\PRicker\Projects\Annual_Layer_Updates\Volusia.mdb\PublicSafety\EvacRoutes_arc,LZip,-1,-1;RZip "RZip" true true false 4 Long 0 0 ,First,#,\\vgisfile\gis\PRicker\Projects\Annual_Layer_Updates\Volusia.mdb\PublicSafety\EvacRoutes_arc,RZip,-1,-1;LComm "LComm" true true false 30 Text 0 0 ,First,#,\\vgisfile\gis\PRicker\Projects\Annual_Layer_Updates\Volusia.mdb\PublicSafety\EvacRoutes_arc,LComm,-1,-1;RComm "RComm" true true false 30 Text 0 0 ,First,#,\\vgisfile\gis\PRicker\Projects\Annual_Layer_Updates\Volusia.mdb\PublicSafety\EvacRoutes_arc,RComm,-1,-1;SHAPE_Length "SHAPE_Length" false true true 8 Double 0 0 ,First,#,\\vgisfile\gis\PRicker\Projects\Annual_Layer_Updates\Volusia.mdb\PublicSafety\EvacRoutes_arc,SHAPE_Length,-1,-1;Status "Status" true true false 7 Text 0 0 ,First,#,\\vgisfile\gis\PRicker\Projects\Annual_Layer_Updates\Volusia.mdb\PublicSafety\EvacRoutes_arc,Status,-1,-1" #</Process><Process ToolSource="c:\program files (x86)\arcgis\desktop10.6\ArcToolbox\Toolboxes\Conversion Tools.tbx\FeatureClassToFeatureClass" Date="20190724" Time="182704">FeatureClassToFeatureClass "Database Connections\arcadm_dc @ volusia.vgisdb1.sde\volusia.DBO.PublicSafety\volusia.DBO.EvacRoutes_arc" "\\vgisfile\gis common\Aedata\PublicSafety\EmergencyMgt" EvacRoutes.shp # "Name "Name" true true false 30 Text 0 0 ,First,#,Database Connections\arcadm_dc @ volusia.vgisdb1.sde\volusia.DBO.PublicSafety\volusia.DBO.EvacRoutes_arc,Name,-1,-1;Alias1 "Alias1" true true false 30 Text 0 0 ,First,#,Database Connections\arcadm_dc @ volusia.vgisdb1.sde\volusia.DBO.PublicSafety\volusia.DBO.EvacRoutes_arc,Alias1,-1,-1;FromStreet "FromStreet" true true false 30 Text 0 0 ,First,#,Database Connections\arcadm_dc @ volusia.vgisdb1.sde\volusia.DBO.PublicSafety\volusia.DBO.EvacRoutes_arc,FromStreet,-1,-1;ToStreet "ToStreet" true true false 30 Text 0 0 ,First,#,Database Connections\arcadm_dc @ volusia.vgisdb1.sde\volusia.DBO.PublicSafety\volusia.DBO.EvacRoutes_arc,ToStreet,-1,-1;Maintenanc "Maintenanc" true true false 35 Text 0 0 ,First,#,Database Connections\arcadm_dc @ volusia.vgisdb1.sde\volusia.DBO.PublicSafety\volusia.DBO.EvacRoutes_arc,Maintenanc,-1,-1;Classifica "Classifica" true true false 30 Text 0 0 ,First,#,Database Connections\arcadm_dc @ volusia.vgisdb1.sde\volusia.DBO.PublicSafety\volusia.DBO.EvacRoutes_arc,Classifica,-1,-1;EvacRoute "EvacRoute" true true false 3 Text 0 0 ,First,#,Database Connections\arcadm_dc @ volusia.vgisdb1.sde\volusia.DBO.PublicSafety\volusia.DBO.EvacRoutes_arc,EvacRoute,-1,-1;Lanes "Lanes" true true false 2 Short 0 5 ,First,#,Database Connections\arcadm_dc @ volusia.vgisdb1.sde\volusia.DBO.PublicSafety\volusia.DBO.EvacRoutes_arc,Lanes,-1,-1;LZip "LZip" true true false 4 Long 0 10 ,First,#,Database Connections\arcadm_dc @ volusia.vgisdb1.sde\volusia.DBO.PublicSafety\volusia.DBO.EvacRoutes_arc,LZip,-1,-1;RZip "RZip" true true false 4 Long 0 10 ,First,#,Database Connections\arcadm_dc @ volusia.vgisdb1.sde\volusia.DBO.PublicSafety\volusia.DBO.EvacRoutes_arc,RZip,-1,-1;LComm "LComm" true true false 30 Text 0 0 ,First,#,Database Connections\arcadm_dc @ volusia.vgisdb1.sde\volusia.DBO.PublicSafety\volusia.DBO.EvacRoutes_arc,LComm,-1,-1;RComm "RComm" true true false 30 Text 0 0 ,First,#,Database Connections\arcadm_dc @ volusia.vgisdb1.sde\volusia.DBO.PublicSafety\volusia.DBO.EvacRoutes_arc,RComm,-1,-1;Status "Status" true true false 7 Text 0 0 ,First,#,Database Connections\arcadm_dc @ volusia.vgisdb1.sde\volusia.DBO.PublicSafety\volusia.DBO.EvacRoutes_arc,Status,-1,-1;Shape_STLe "Shape_STLe" false false true 0 Double 0 0 ,First,#,Database Connections\arcadm_dc @ volusia.vgisdb1.sde\volusia.DBO.PublicSafety\volusia.DBO.EvacRoutes_arc,Shape.STLength(),-1,-1" #</Process></lineage><itemProps><itemName Sync="TRUE">EvacRoutes</itemName><imsContentType Sync="TRUE">002</imsContentType><itemLocation><linkage Sync="TRUE">file://\\vgisfile\gis common\Aedata\PublicSafety\EmergencyMgt\EvacRoutes.shp</linkage><protocol Sync="TRUE">Local Area Network</protocol></itemLocation><itemSize Sync="TRUE">0.000</itemSize></itemProps><coordRef><type Sync="TRUE">Projected</type><geogcsn Sync="TRUE">GCS_North_American_1983_HARN</geogcsn><csUnits Sync="TRUE">Linear Unit: Foot_US (0.304801)</csUnits><projcsn Sync="TRUE">NAD_1983_HARN_StatePlane_Florida_East_FIPS_0901_Feet</projcsn><peXml Sync="TRUE">&lt;ProjectedCoordinateSystem xsi:type='typens:ProjectedCoordinateSystem' xmlns:xsi='http://www.w3.org/2001/XMLSchema-instance' xmlns:xs='http://www.w3.org/2001/XMLSchema' xmlns:typens='http://www.esri.com/schemas/ArcGIS/10.6'&gt;&lt;WKT&gt;PROJCS[&amp;quot;NAD_1983_HARN_StatePlane_Florida_East_FIPS_0901_Feet&amp;quot;,GEOGCS[&amp;quot;GCS_North_American_1983_HARN&amp;quot;,DATUM[&amp;quot;D_North_American_1983_HARN&amp;quot;,SPHEROID[&amp;quot;GRS_1980&amp;quot;,6378137.0,298.257222101]],PRIMEM[&amp;quot;Greenwich&amp;quot;,0.0],UNIT[&amp;quot;Degree&amp;quot;,0.0174532925199433]],PROJECTION[&amp;quot;Transverse_Mercator&amp;quot;],PARAMETER[&amp;quot;False_Easting&amp;quot;,656166.6666666665],PARAMETER[&amp;quot;False_Northing&amp;quot;,0.0],PARAMETER[&amp;quot;Central_Meridian&amp;quot;,-81.0],PARAMETER[&amp;quot;Scale_Factor&amp;quot;,0.9999411764705882],PARAMETER[&amp;quot;Latitude_Of_Origin&amp;quot;,24.33333333333333],UNIT[&amp;quot;Foot_US&amp;quot;,0.3048006096012192],AUTHORITY[&amp;quot;EPSG&amp;quot;,2881]]&lt;/WKT&gt;&lt;XOrigin&gt;-17791300&lt;/XOrigin&gt;&lt;YOrigin&gt;-41645400&lt;/YOrigin&gt;&lt;XYScale&gt;137249422.94257641&lt;/XYScale&gt;&lt;ZOrigin&gt;-100000&lt;/ZOrigin&gt;&lt;ZScale&gt;10000&lt;/ZScale&gt;&lt;MOrigin&gt;-100000&lt;/MOrigin&gt;&lt;MScale&gt;10000&lt;/MScale&gt;&lt;XYTolerance&gt;0.0032808333333333331&lt;/XYTolerance&gt;&lt;ZTolerance&gt;0.001&lt;/ZTolerance&gt;&lt;MTolerance&gt;0.001&lt;/MTolerance&gt;&lt;HighPrecision&gt;true&lt;/HighPrecision&gt;&lt;WKID&gt;2881&lt;/WKID&gt;&lt;LatestWKID&gt;2881&lt;/LatestWKID&gt;&lt;/ProjectedCoordinateSystem&gt;</peXml></coordRef></DataProperties><SyncDate>20190724</SyncDate><SyncTime>18270300</SyncTime><ModDate>20190724</ModDate><ModTime>18270300</ModTime></Esri><dataIdInfo><envirDesc Sync="TRUE">Microsoft Windows 7 Version 6.1 (Build 7601) Service Pack 1; Esri ArcGIS 10.6.1.9273</envirDesc><dataLang><languageCode value="eng" Sync="TRUE"/><countryCode value="USA" Sync="TRUE"/></dataLang><idCitation><resTitle Sync="TRUE">EvacRoutes</resTitle><presForm><PresFormCd value="005" Sync="TRUE"/></presForm></idCitation><spatRpType><SpatRepTypCd value="001" Sync="TRUE"/></spatRpType></dataIdInfo><mdLang><languageCode value="eng" Sync="TRUE"/><countryCode value="USA" Sync="TRUE"/></mdLang><distInfo><distFormat><formatName Sync="TRUE">Shapefile</formatName></distFormat><distTranOps><transSize Sync="TRUE">0.000</transSize></distTranOps></distInfo><mdHrLv><ScopeCd value="005" Sync="TRUE"/></mdHrLv><mdHrLvName Sync="TRUE">dataset</mdHrLvName><refSysInfo><RefSystem><refSysID><identCode code="2881" Sync="TRUE"/><idCodeSpace Sync="TRUE">EPSG</idCodeSpace><idVersion Sync="TRUE">8.9.3(9.0.0)</idVersion></refSysID></RefSystem></refSysInfo><spatRepInfo><VectSpatRep><geometObjs Name="EvacRoutes"><geoObjTyp><GeoObjTypCd value="002" Sync="TRUE"></GeoObjTypCd></geoObjTyp><geoObjCnt Sync="TRUE">0</geoObjCnt></geometObjs><topLvl><TopoLevCd value="001" Sync="TRUE"></TopoLevCd></topLvl></VectSpatRep></spatRepInfo><spdoinfo><ptvctinf><esriterm Name="EvacRoutes"><efeatyp Sync="TRUE">Simple</efeatyp><efeageom code="3" Sync="TRUE"></efeageom><esritopo Sync="TRUE">FALSE</esritopo><efeacnt Sync="TRUE">0</efeacnt><spindex Sync="TRUE">FALSE</spindex><linrefer Sync="TRUE">FALSE</linrefer></esriterm></ptvctinf></spdoinfo><eainfo><detailed Name="EvacRoutes"><enttyp><enttypl Sync="TRUE">EvacRoutes</enttypl><enttypt Sync="TRUE">Feature Class</enttypt><enttypc Sync="TRUE">0</enttypc></enttyp><attr><attrlabl Sync="TRUE">FID</attrlabl><attalias Sync="TRUE">FID</attalias><attrtype Sync="TRUE">OID</attrtype><attwidth Sync="TRUE">4</attwidth><atprecis Sync="TRUE">0</atprecis><attscale Sync="TRUE">0</attscale><attrdef Sync="TRUE">Internal feature number.</attrdef><attrdefs Sync="TRUE">Esri</attrdefs><attrdomv><udom Sync="TRUE">Sequential unique whole numbers that are automatically generated.</udom></attrdomv></attr><attr><attrlabl Sync="TRUE">Name</attrlabl><attalias Sync="TRUE">Name</attalias><attrtype Sync="TRUE">String</attrtype><attwidth Sync="TRUE">30</attwidth><atprecis Sync="TRUE">0</atprecis><attscale Sync="TRUE">0</attscale></attr><attr><attrlabl Sync="TRUE">Alias1</attrlabl><attalias Sync="TRUE">Alias1</attalias><attrtype Sync="TRUE">String</attrtype><attwidth Sync="TRUE">30</attwidth><atprecis Sync="TRUE">0</atprecis><attscale Sync="TRUE">0</attscale></attr><attr><attrlabl Sync="TRUE">FromStreet</attrlabl><attalias Sync="TRUE">FromStreet</attalias><attrtype Sync="TRUE">String</attrtype><attwidth Sync="TRUE">30</attwidth><atprecis Sync="TRUE">0</atprecis><attscale Sync="TRUE">0</attscale></attr><attr><attrlabl Sync="TRUE">ToStreet</attrlabl><attalias Sync="TRUE">ToStreet</attalias><attrtype Sync="TRUE">String</attrtype><attwidth Sync="TRUE">30</attwidth><atprecis Sync="TRUE">0</atprecis><attscale Sync="TRUE">0</attscale></attr><attr><attrlabl Sync="TRUE">Maintenanc</attrlabl><attalias Sync="TRUE">Maintenanc</attalias><attrtype Sync="TRUE">String</attrtype><attwidth Sync="TRUE">35</attwidth><atprecis Sync="TRUE">0</atprecis><attscale Sync="TRUE">0</attscale></attr><attr><attrlabl Sync="TRUE">Classifica</attrlabl><attalias Sync="TRUE">Classifica</attalias><attrtype Sync="TRUE">String</attrtype><attwidth Sync="TRUE">30</attwidth><atprecis Sync="TRUE">0</atprecis><attscale Sync="TRUE">0</attscale></attr><attr><attrlabl Sync="TRUE">EvacRoute</attrlabl><attalias Sync="TRUE">EvacRoute</attalias><attrtype Sync="TRUE">String</attrtype><attwidth Sync="TRUE">3</attwidth><atprecis Sync="TRUE">0</atprecis><attscale Sync="TRUE">0</attscale></attr><attr><attrlabl Sync="TRUE">Lanes</attrlabl><attalias Sync="TRUE">Lanes</attalias><attrtype Sync="TRUE">Integer</attrtype><attwidth Sync="TRUE">5</attwidth><atprecis Sync="TRUE">5</atprecis><attscale Sync="TRUE">0</attscale></attr><attr><attrlabl Sync="TRUE">LZip</attrlabl><attalias Sync="TRUE">LZip</attalias><attrtype Sync="TRUE">Integer</attrtype><attwidth Sync="TRUE">10</attwidth><atprecis Sync="TRUE">10</atprecis><attscale Sync="TRUE">0</attscale></attr><attr><attrlabl Sync="TRUE">RZip</attrlabl><attalias Sync="TRUE">RZip</attalias><attrtype Sync="TRUE">Integer</attrtype><attwidth Sync="TRUE">10</attwidth><atprecis Sync="TRUE">10</atprecis><attscale Sync="TRUE">0</attscale></attr><attr><attrlabl Sync="TRUE">LComm</attrlabl><attalias Sync="TRUE">LComm</attalias><attrtype Sync="TRUE">String</attrtype><attwidth Sync="TRUE">30</attwidth><atprecis Sync="TRUE">0</atprecis><attscale Sync="TRUE">0</attscale></attr><attr><attrlabl Sync="TRUE">RComm</attrlabl><attalias Sync="TRUE">RComm</attalias><attrtype Sync="TRUE">String</attrtype><attwidth Sync="TRUE">30</attwidth><atprecis Sync="TRUE">0</atprecis><attscale Sync="TRUE">0</attscale></attr><attr><attrlabl Sync="TRUE">Status</attrlabl><attalias Sync="TRUE">Status</attalias><attrtype Sync="TRUE">String</attrtype><attwidth Sync="TRUE">7</attwidth><atprecis Sync="TRUE">0</atprecis><attscale Sync="TRUE">0</attscale></attr><attr><attrlabl Sync="TRUE">Shape</attrlabl><attalias Sync="TRUE">Shape</attalias><attrtype Sync="TRUE">Geometry</attrtype><attwidth Sync="TRUE">0</attwidth><atprecis Sync="TRUE">0</atprecis><attscale Sync="TRUE">0</attscale><attrdef Sync="TRUE">Feature geometry.</attrdef><attrdefs Sync="TRUE">Esri</attrdefs><attrdomv><udom Sync="TRUE">Coordinates defining the features.</udom></attrdomv></attr><attr><attrlabl Sync="TRUE">Shape_STLe</attrlabl><attalias Sync="TRUE">Shape_STLe</attalias><attrtype Sync="TRUE">Double</attrtype><attwidth Sync="TRUE">19</attwidth><atprecis Sync="TRUE">0</atprecis><attscale Sync="TRUE">0</attscale></attr></detailed></eainfo><mdDateSt Sync="TRUE">20190724</mdDateSt></metadata>
